{
    "loss": 14.361029624938965,
    "accuracy": 0.5467625856399536
}