{
    "loss": 9.737899780273438,
    "accuracy": 0.5467625856399536
}