{
    "loss": 5.290846347808838,
    "accuracy": 0.5035971403121948
}